filename,label,EAR,MAR
001.jpg,awake,0.4138521991173838,0.33264715587495425
003.jpg,awake,0.4690108511750972,0.3569971737359624
010.jpg,awake,0.5575530809251956,0.3676192244583545
012.jpg,awake,0.39734261877875743,0.3248433082487202
013.jpg,awake,0.5362801985417236,0.34708834050441606
